timestamp,subject_id,status,pre_threat,cog_load,action
2026-05-25T22:52:27.364675,subj_0,CRITICAL_THREAT,80.65,34.35,INTERCEPT
2026-05-25T22:52:28.234593,subj_0,SPOOF_DETECTED,42.39,35.47,VERIFY_LIVENESS
2026-05-25T22:52:29.374020,subj_0,SPOOF_DETECTED,42.92,35.96,VERIFY_LIVENESS
2026-05-25T22:52:31.075895,subj_0,SPOOF_DETECTED,44.24,37.56,VERIFY_LIVENESS
2026-05-25T22:52:32.135313,subj_0,SPOOF_DETECTED,44.26,37.59,VERIFY_LIVENESS
2026-05-25T22:52:35.807837,subj_0,ELEVATED,45.11,18.89,HEIGHTENED_AWARENESS
2026-05-25T22:52:35.853521,subj_0,ELEVATED,45.07,18.83,HEIGHTENED_AWARENESS
2026-05-25T22:52:35.901637,subj_0,ELEVATED,45.03,18.79,HEIGHTENED_AWARENESS
2026-05-25T22:52:37.333518,subj_0,ELEVATED,45.04,28.18,HEIGHTENED_AWARENESS
2026-05-25T22:52:37.381322,subj_0,ELEVATED,45.08,38.09,HEIGHTENED_AWARENESS
2026-05-25T22:52:37.430212,subj_0,ELEVATED,45.08,47.99,HEIGHTENED_AWARENESS
2026-05-25T22:52:37.476955,subj_0,ELEVATED,45.07,57.86,HEIGHTENED_AWARENESS
2026-05-25T22:52:37.523874,subj_0,ELEVATED,45.03,67.73,HEIGHTENED_AWARENESS
2026-05-25T22:52:37.570100,subj_0,STRESSED,45.00,77.61,OBSERVE
2026-05-25T22:52:37.605346,subj_0,STRESSED,44.96,87.49,OBSERVE
2026-05-25T22:52:37.655968,subj_0,STRESSED,44.94,97.37,OBSERVE
2026-05-25T22:52:37.700495,subj_0,STRESSED,44.94,100.00,OBSERVE
2026-05-25T22:52:37.743595,subj_0,STRESSED,44.91,100.00,OBSERVE
2026-05-25T22:52:37.794957,subj_0,STRESSED,44.86,100.00,OBSERVE
2026-05-25T22:52:37.841362,subj_0,STRESSED,44.80,100.00,OBSERVE
2026-05-25T22:52:37.886484,subj_0,STRESSED,44.70,100.00,OBSERVE
2026-05-25T22:52:37.936028,subj_0,STRESSED,44.57,100.00,OBSERVE
2026-05-25T22:52:37.979796,subj_0,STRESSED,44.40,100.00,OBSERVE
2026-05-25T22:52:38.024262,subj_0,STRESSED,44.23,100.00,OBSERVE
2026-05-25T22:52:38.074505,subj_0,STRESSED,44.08,100.00,OBSERVE
2026-05-25T22:52:38.120090,subj_0,STRESSED,43.97,100.00,OBSERVE
2026-05-25T22:52:38.167108,subj_0,STRESSED,43.89,100.00,OBSERVE
2026-05-25T22:52:38.212240,subj_0,STRESSED,43.72,100.00,OBSERVE
2026-05-25T22:52:38.258302,subj_0,STRESSED,43.51,100.00,OBSERVE
2026-05-25T22:52:38.308607,subj_0,STRESSED,43.29,100.00,OBSERVE
2026-05-25T22:52:38.354881,subj_0,STRESSED,43.05,100.00,OBSERVE
2026-05-25T22:52:38.404293,subj_0,STRESSED,42.78,100.00,OBSERVE
2026-05-25T22:52:38.447395,subj_0,STRESSED,42.50,100.00,OBSERVE
2026-05-25T22:52:38.501969,subj_0,STRESSED,42.29,100.00,OBSERVE
2026-05-25T22:52:38.543855,subj_0,STRESSED,42.12,100.00,OBSERVE
2026-05-25T22:52:38.589743,subj_0,STRESSED,42.03,100.00,OBSERVE
2026-05-25T22:52:38.638272,subj_0,STRESSED,42.12,100.00,OBSERVE
2026-05-25T22:52:38.685281,subj_0,STRESSED,42.17,100.00,OBSERVE
2026-05-25T22:52:38.734324,subj_0,STRESSED,42.30,100.00,OBSERVE
2026-05-25T22:52:38.780883,subj_0,STRESSED,42.41,100.00,OBSERVE
2026-05-25T22:52:38.824526,subj_0,STRESSED,42.51,100.00,OBSERVE
2026-05-25T22:52:38.868705,subj_0,ELEVATED,60.28,100.00,HEIGHTENED_AWARENESS
2026-05-25T22:52:38.902488,subj_0,STRESSED,42.71,100.00,OBSERVE
2026-05-25T22:52:38.950568,subj_0,ELEVATED,73.93,100.00,HEIGHTENED_AWARENESS
2026-05-25T22:52:38.994481,subj_0,ELEVATED,54.30,100.00,HEIGHTENED_AWARENESS
2026-05-25T22:52:39.040735,subj_0,STRESSED,42.97,100.00,OBSERVE
2026-05-25T22:52:39.088373,subj_0,STRESSED,43.03,100.00,OBSERVE
2026-05-25T22:52:39.136327,subj_0,STRESSED,43.08,100.00,OBSERVE
2026-05-25T22:52:39.186576,subj_0,STRESSED,43.13,100.00,OBSERVE
2026-05-25T22:52:39.234334,subj_0,STRESSED,43.16,100.00,OBSERVE
2026-05-25T22:52:39.278009,subj_0,STRESSED,43.14,100.00,OBSERVE
2026-05-25T22:52:39.324668,subj_0,STRESSED,43.13,100.00,OBSERVE
2026-05-25T22:52:39.368393,subj_0,STRESSED,43.17,100.00,OBSERVE
2026-05-25T22:52:39.417785,subj_0,STRESSED,43.21,100.00,OBSERVE
2026-05-25T22:52:39.464133,subj_0,STRESSED,43.24,100.00,OBSERVE
2026-05-25T22:52:39.508069,subj_0,STRESSED,43.17,100.00,OBSERVE
2026-05-25T22:52:39.558432,subj_0,STRESSED,43.04,100.00,OBSERVE
2026-05-25T22:52:39.601385,subj_0,STRESSED,43.05,95.16,OBSERVE
2026-05-25T22:52:39.652096,subj_0,STRESSED,43.10,85.30,OBSERVE
2026-05-25T22:52:39.696952,subj_0,STRESSED,43.19,75.46,OBSERVE
2026-05-25T22:52:39.745238,subj_0,STRESSED,43.40,65.61,OBSERVE
2026-05-25T22:52:54.925496,subj_0,SPOOF_DETECTED,42.93,23.49,VERIFY_LIVENESS
2026-05-25T22:52:55.991259,subj_0,SPOOF_DETECTED,42.85,23.43,VERIFY_LIVENESS
2026-05-25T22:52:59.139174,subj_0,STRESSED,42.08,62.41,OBSERVE
2026-05-25T22:52:59.186147,subj_0,STRESSED,43.61,72.43,OBSERVE
2026-05-25T22:52:59.234433,subj_0,STRESSED,43.87,82.36,OBSERVE
2026-05-25T22:52:59.281005,subj_0,STRESSED,44.64,92.32,OBSERVE
2026-05-25T22:52:59.325619,subj_0,ELEVATED,45.11,100.00,HEIGHTENED_AWARENESS
2026-05-25T22:52:59.375841,subj_0,ELEVATED,45.73,100.00,HEIGHTENED_AWARENESS
2026-05-25T22:52:59.422644,subj_0,ELEVATED,46.03,100.00,HEIGHTENED_AWARENESS
2026-05-25T22:52:59.466906,subj_0,ELEVATED,46.53,100.00,HEIGHTENED_AWARENESS
2026-05-25T22:52:59.516910,subj_0,ELEVATED,46.94,100.00,HEIGHTENED_AWARENESS
2026-05-25T22:52:59.558941,subj_0,ELEVATED,46.73,100.00,HEIGHTENED_AWARENESS
2026-05-25T22:52:59.611224,subj_0,ELEVATED,46.70,100.00,HEIGHTENED_AWARENESS
2026-05-25T22:52:59.654237,subj_0,ELEVATED,46.58,100.00,HEIGHTENED_AWARENESS
2026-05-25T22:52:59.702619,subj_0,ELEVATED,46.40,100.00,HEIGHTENED_AWARENESS
2026-05-25T22:52:59.748629,subj_0,ELEVATED,46.07,100.00,HEIGHTENED_AWARENESS
2026-05-25T22:52:59.796059,subj_0,ELEVATED,45.67,100.00,HEIGHTENED_AWARENESS
2026-05-25T22:52:59.842863,subj_0,ELEVATED,45.45,100.00,HEIGHTENED_AWARENESS
2026-05-25T22:52:59.889599,subj_0,ELEVATED,45.15,100.00,HEIGHTENED_AWARENESS
2026-05-25T22:52:59.934584,subj_0,STRESSED,44.88,100.00,OBSERVE
2026-05-25T22:52:59.983915,subj_0,STRESSED,44.68,100.00,OBSERVE
2026-05-25T22:53:00.031937,subj_0,STRESSED,44.55,100.00,OBSERVE
2026-05-25T22:53:00.076748,subj_0,STRESSED,44.33,100.00,OBSERVE
2026-05-25T22:53:00.124388,subj_0,STRESSED,44.16,100.00,OBSERVE
2026-05-25T22:53:00.167213,subj_0,STRESSED,44.28,100.00,OBSERVE
2026-05-25T22:53:00.201088,subj_0,STRESSED,44.40,100.00,OBSERVE
2026-05-25T22:53:00.246288,subj_0,STRESSED,44.38,100.00,OBSERVE
2026-05-25T22:53:00.294031,subj_0,STRESSED,44.61,100.00,OBSERVE
2026-05-25T22:53:00.338699,subj_0,STRESSED,44.74,100.00,OBSERVE
2026-05-25T22:53:00.373026,subj_0,STRESSED,44.97,100.00,OBSERVE
2026-05-25T22:53:00.422465,subj_0,ELEVATED,45.35,100.00,HEIGHTENED_AWARENESS
2026-05-25T22:53:00.466990,subj_0,ELEVATED,45.76,100.00,HEIGHTENED_AWARENESS
2026-05-25T22:53:00.520621,subj_0,ELEVATED,45.98,100.00,HEIGHTENED_AWARENESS
2026-05-25T22:53:00.561154,subj_0,ELEVATED,45.77,100.00,HEIGHTENED_AWARENESS
2026-05-25T22:53:00.605375,subj_0,ELEVATED,46.64,100.00,HEIGHTENED_AWARENESS
2026-05-25T22:53:00.659060,subj_0,ELEVATED,46.79,100.00,HEIGHTENED_AWARENESS
2026-05-25T22:53:00.702360,subj_0,ELEVATED,47.00,100.00,HEIGHTENED_AWARENESS
2026-05-25T22:53:00.748034,subj_0,ELEVATED,46.99,100.00,HEIGHTENED_AWARENESS
2026-05-25T22:53:00.796424,subj_0,ELEVATED,46.98,100.00,HEIGHTENED_AWARENESS
2026-05-25T22:53:00.836850,subj_0,ELEVATED,46.52,100.00,HEIGHTENED_AWARENESS
2026-05-25T22:53:00.869061,subj_0,ELEVATED,45.99,100.00,HEIGHTENED_AWARENESS
2026-05-25T22:53:00.902582,subj_0,ELEVATED,45.89,100.00,HEIGHTENED_AWARENESS
2026-05-25T22:53:00.948523,subj_0,ELEVATED,45.51,100.00,HEIGHTENED_AWARENESS
2026-05-25T22:53:00.998919,subj_0,ELEVATED,45.03,100.00,HEIGHTENED_AWARENESS
2026-05-25T22:53:01.044051,subj_0,STRESSED,44.51,100.00,OBSERVE
2026-05-25T22:53:01.094359,subj_0,STRESSED,43.84,100.00,OBSERVE
2026-05-25T22:53:01.138212,subj_0,STRESSED,43.62,100.00,OBSERVE
2026-05-25T22:53:01.183738,subj_0,STRESSED,43.26,100.00,OBSERVE
2026-05-25T22:53:01.232124,subj_0,STRESSED,42.85,100.00,OBSERVE
2026-05-25T22:53:01.280641,subj_0,STRESSED,42.56,100.00,OBSERVE
2026-05-25T22:53:01.324805,subj_0,STRESSED,42.16,100.00,OBSERVE
2026-05-25T22:53:01.377299,subj_0,STRESSED,41.88,100.00,OBSERVE
2026-05-25T22:53:01.420039,subj_0,STRESSED,41.54,100.00,OBSERVE
2026-05-25T22:53:01.473798,subj_0,STRESSED,41.17,100.00,OBSERVE
2026-05-25T22:53:01.515873,subj_0,STRESSED,41.09,100.00,OBSERVE
2026-05-25T22:53:01.557784,subj_0,STRESSED,40.95,100.00,OBSERVE
2026-05-25T22:53:01.591768,subj_0,STRESSED,40.67,100.00,OBSERVE
2026-05-25T22:53:01.640635,subj_0,STRESSED,40.44,100.00,OBSERVE
2026-05-25T22:53:01.684175,subj_0,STRESSED,40.07,100.00,OBSERVE
2026-05-25T22:53:01.737143,subj_0,STRESSED,39.71,100.00,OBSERVE
2026-05-25T22:53:01.780418,subj_0,STRESSED,39.46,100.00,OBSERVE
2026-05-25T22:53:01.825353,subj_0,STRESSED,39.28,100.00,OBSERVE
2026-05-25T22:53:01.874449,subj_0,STRESSED,39.05,100.00,OBSERVE
2026-05-25T22:53:01.920982,subj_0,STRESSED,38.95,100.00,OBSERVE
2026-05-25T22:53:01.966688,subj_0,STRESSED,38.91,100.00,OBSERVE
2026-05-25T22:53:02.016887,subj_0,STRESSED,38.90,100.00,OBSERVE
2026-05-25T22:53:02.060368,subj_0,STRESSED,38.89,100.00,OBSERVE
2026-05-25T22:53:02.108537,subj_0,STRESSED,38.88,100.00,OBSERVE
2026-05-25T22:53:02.154781,subj_0,STRESSED,38.86,100.00,OBSERVE
2026-05-25T22:53:02.200837,subj_0,STRESSED,38.82,100.00,OBSERVE
2026-05-25T22:53:02.249515,subj_0,STRESSED,38.79,100.00,OBSERVE
2026-05-25T22:53:02.292274,subj_0,STRESSED,38.76,100.00,OBSERVE
2026-05-25T22:53:02.322877,subj_0,STRESSED,38.74,100.00,OBSERVE
2026-05-25T22:53:02.364247,subj_0,STRESSED,38.72,100.00,OBSERVE
2026-05-25T22:53:02.405129,subj_0,STRESSED,38.75,100.00,OBSERVE
2026-05-25T22:53:02.457976,subj_0,STRESSED,38.80,100.00,OBSERVE
2026-05-25T22:53:02.499575,subj_0,STRESSED,38.86,100.00,OBSERVE
2026-05-25T22:53:02.548825,subj_0,STRESSED,38.94,100.00,OBSERVE
2026-05-25T22:53:02.594765,subj_0,STRESSED,39.03,100.00,OBSERVE
2026-05-25T22:53:02.644607,subj_0,STRESSED,39.11,100.00,OBSERVE
2026-05-25T22:53:02.692695,subj_0,STRESSED,39.17,100.00,OBSERVE
2026-05-25T22:53:02.736246,subj_0,STRESSED,39.22,100.00,OBSERVE
2026-05-25T22:53:02.770978,subj_0,STRESSED,39.26,100.00,OBSERVE
2026-05-25T22:53:02.816141,subj_0,ELEVATED,66.14,100.00,HEIGHTENED_AWARENESS
2026-05-25T22:53:02.865143,subj_0,STRESSED,39.37,100.00,OBSERVE
2026-05-25T22:53:02.910250,subj_0,ELEVATED,61.84,100.00,HEIGHTENED_AWARENESS
2026-05-25T22:53:02.957129,subj_0,STRESSED,39.53,100.00,OBSERVE
2026-05-25T22:53:03.004434,subj_0,ELEVATED,64.58,100.00,HEIGHTENED_AWARENESS
2026-05-25T22:53:03.045029,subj_0,CRITICAL_THREAT,75.37,100.00,INTERCEPT
2026-05-25T22:53:03.597606,subj_0,STRESSED,39.71,100.00,OBSERVE
2026-05-25T22:53:03.645353,subj_0,STRESSED,39.72,100.00,OBSERVE
2026-05-25T22:53:03.684557,subj_0,STRESSED,39.74,100.00,OBSERVE
2026-05-25T22:53:03.718002,subj_0,STRESSED,39.82,100.00,OBSERVE
2026-05-25T22:53:03.752524,subj_0,ELEVATED,53.70,100.00,HEIGHTENED_AWARENESS
2026-05-25T22:53:03.797684,subj_0,STRESSED,40.69,100.00,OBSERVE
2026-05-25T22:53:03.850934,subj_0,STRESSED,40.01,100.00,OBSERVE
2026-05-25T22:53:03.893122,subj_0,STRESSED,40.07,100.00,OBSERVE
2026-05-25T22:53:03.942470,subj_0,STRESSED,40.13,100.00,OBSERVE
2026-05-25T22:53:03.986299,subj_0,STRESSED,40.22,100.00,OBSERVE
2026-05-25T22:53:04.037863,subj_0,STRESSED,40.29,100.00,OBSERVE
2026-05-25T22:53:04.083547,subj_0,STRESSED,40.45,100.00,OBSERVE
2026-05-25T22:53:04.128503,subj_0,ELEVATED,57.80,100.00,HEIGHTENED_AWARENESS
2026-05-25T22:53:04.175519,subj_0,CRITICAL_THREAT,79.42,100.00,INTERCEPT
2026-05-25T22:53:04.726823,subj_0,STRESSED,40.65,100.00,OBSERVE
2026-05-25T22:53:04.776122,subj_0,ELEVATED,61.62,100.00,HEIGHTENED_AWARENESS
2026-05-25T22:53:04.823733,subj_0,STRESSED,40.74,100.00,OBSERVE
2026-05-25T22:53:04.865238,subj_0,CRITICAL_THREAT,78.58,100.00,INTERCEPT
2026-05-25T22:53:05.414532,subj_0,CRITICAL_THREAT,78.45,100.00,INTERCEPT
2026-05-25T22:53:05.988852,subj_0,ELEVATED,64.12,100.00,HEIGHTENED_AWARENESS
2026-05-25T22:53:06.047950,subj_0,CRITICAL_THREAT,78.46,100.00,INTERCEPT
2026-05-25T22:53:06.626608,subj_0,CRITICAL_THREAT,76.94,100.00,INTERCEPT
2026-05-25T22:53:07.205756,subj_0,CRITICAL_THREAT,75.82,100.00,INTERCEPT
2026-05-25T22:53:07.787606,subj_0,CRITICAL_THREAT,79.74,100.00,INTERCEPT
2026-05-25T22:53:08.367580,subj_0,ELEVATED,73.72,100.00,HEIGHTENED_AWARENESS
2026-05-25T22:53:08.436108,subj_0,CRITICAL_THREAT,80.72,100.00,INTERCEPT
2026-05-25T22:53:09.019644,subj_0,ELEVATED,73.66,100.00,HEIGHTENED_AWARENESS
2026-05-25T22:53:09.079427,subj_0,CRITICAL_THREAT,77.61,100.00,INTERCEPT
2026-05-25T22:53:09.661684,subj_0,CRITICAL_THREAT,77.60,100.00,INTERCEPT
2026-05-25T22:53:10.234354,subj_0,CRITICAL_THREAT,80.27,100.00,INTERCEPT
2026-05-25T22:53:10.812050,subj_0,STRESSED,40.68,100.00,OBSERVE
2026-05-25T22:53:10.870088,subj_0,STRESSED,42.52,100.00,OBSERVE
2026-05-25T22:53:10.929990,subj_0,STRESSED,40.76,100.00,OBSERVE
2026-05-25T22:53:10.987927,subj_0,ELEVATED,64.54,100.00,HEIGHTENED_AWARENESS
2026-05-25T22:53:11.048817,subj_0,ELEVATED,69.31,100.00,HEIGHTENED_AWARENESS
2026-05-25T22:53:11.116788,subj_0,STRESSED,40.89,100.00,OBSERVE
2026-05-25T22:53:11.171755,subj_0,CRITICAL_THREAT,80.10,100.00,INTERCEPT
2026-05-25T22:53:11.723349,subj_0,STRESSED,40.93,100.00,OBSERVE
2026-05-25T22:53:11.775316,subj_0,ELEVATED,55.02,100.00,HEIGHTENED_AWARENESS
2026-05-25T22:53:11.815053,subj_0,STRESSED,41.05,100.00,OBSERVE
2026-05-25T22:53:11.845803,subj_0,ELEVATED,74.92,100.00,HEIGHTENED_AWARENESS
2026-05-25T22:53:11.879011,subj_0,STRESSED,41.05,100.00,OBSERVE
2026-05-25T22:53:11.925951,subj_0,ELEVATED,62.59,100.00,HEIGHTENED_AWARENESS
2026-05-25T22:53:11.971759,subj_0,CRITICAL_THREAT,80.93,100.00,INTERCEPT
2026-05-25T22:53:12.541336,subj_0,CRITICAL_THREAT,78.05,100.00,INTERCEPT
2026-05-25T22:53:13.096488,subj_0,ELEVATED,67.94,100.00,HEIGHTENED_AWARENESS
2026-05-25T22:53:13.147455,subj_0,STRESSED,41.22,100.00,OBSERVE
2026-05-25T22:53:13.192596,subj_0,ELEVATED,52.88,100.00,HEIGHTENED_AWARENESS
2026-05-25T22:53:13.237154,subj_0,ELEVATED,69.52,100.00,HEIGHTENED_AWARENESS
2026-05-25T22:53:13.284682,subj_0,ELEVATED,67.54,100.00,HEIGHTENED_AWARENESS
2026-05-25T22:53:13.331611,subj_0,ELEVATED,68.16,100.00,HEIGHTENED_AWARENESS
2026-05-25T22:53:13.376577,subj_0,ELEVATED,60.09,100.00,HEIGHTENED_AWARENESS
2026-05-25T22:53:13.424067,subj_0,ELEVATED,74.34,100.00,HEIGHTENED_AWARENESS
2026-05-25T22:53:13.469283,subj_0,ELEVATED,51.22,100.00,HEIGHTENED_AWARENESS
2026-05-25T22:53:13.517939,subj_0,STRESSED,41.77,100.00,OBSERVE
2026-05-25T22:53:13.566154,subj_0,ELEVATED,60.27,100.00,HEIGHTENED_AWARENESS
2026-05-25T22:53:13.610787,subj_0,STRESSED,41.86,100.00,OBSERVE
2026-05-25T22:53:13.659155,subj_0,STRESSED,41.91,100.00,OBSERVE
2026-05-25T22:53:13.661154,subj_1,STRESSED,30.07,100.00,OBSERVE
2026-05-25T22:53:13.706591,subj_0,STRESSED,41.91,100.00,OBSERVE
2026-05-25T22:53:13.748402,subj_0,CRITICAL_THREAT,77.98,100.00,INTERCEPT
2026-05-25T22:53:14.315172,subj_0,STRESSED,41.96,100.00,OBSERVE
2026-05-25T22:53:14.317877,subj_1,STRESSED,30.07,100.00,OBSERVE
2026-05-25T22:53:14.373233,subj_0,STRESSED,41.93,100.00,OBSERVE
2026-05-25T22:53:14.430813,subj_0,STRESSED,42.00,100.00,OBSERVE
2026-05-25T22:53:14.432812,subj_1,STRESSED,30.06,100.00,OBSERVE
2026-05-25T22:53:14.489896,subj_0,ELEVATED,61.78,100.00,HEIGHTENED_AWARENESS
2026-05-25T22:53:14.544552,subj_0,ELEVATED,49.12,100.00,HEIGHTENED_AWARENESS
2026-05-25T22:53:14.546550,subj_1,STRESSED,37.01,100.00,OBSERVE
2026-05-25T22:53:14.582625,subj_0,ELEVATED,69.14,100.00,HEIGHTENED_AWARENESS
2026-05-25T22:53:14.627640,subj_0,STRESSED,42.09,100.00,OBSERVE
2026-05-25T22:53:14.629639,subj_1,STRESSED,30.07,100.00,OBSERVE
2026-05-25T22:53:14.671487,subj_0,CRITICAL_THREAT,78.89,100.00,INTERCEPT
2026-05-25T22:53:15.232503,subj_0,CRITICAL_THREAT,82.24,100.00,INTERCEPT
2026-05-25T22:53:15.780143,subj_0,STRESSED,44.73,100.00,OBSERVE
2026-05-25T22:53:15.835246,subj_0,STRESSED,42.07,100.00,OBSERVE
2026-05-25T22:53:15.837244,subj_1,STRESSED,30.07,100.00,OBSERVE
2026-05-25T22:53:15.872985,subj_0,ELEVATED,70.51,100.00,HEIGHTENED_AWARENESS
2026-05-25T22:53:15.919147,subj_0,STRESSED,42.10,100.00,OBSERVE
2026-05-25T22:53:15.971225,subj_0,STRESSED,42.04,100.00,OBSERVE
2026-05-25T22:53:15.972188,subj_1,STRESSED,30.08,100.00,OBSERVE
2026-05-25T22:53:16.018906,subj_0,CRITICAL_THREAT,83.19,100.00,INTERCEPT
2026-05-25T22:53:16.593300,subj_0,STRESSED,41.99,100.00,OBSERVE
2026-05-25T22:53:16.594299,subj_1,STRESSED,36.20,100.00,OBSERVE
2026-05-25T22:53:16.654594,subj_0,CRITICAL_THREAT,80.35,100.00,INTERCEPT
2026-05-25T22:53:17.243594,subj_0,STRESSED,41.97,100.00,OBSERVE
2026-05-25T22:53:17.245342,subj_1,STRESSED,30.07,100.00,OBSERVE
2026-05-25T22:53:17.295539,subj_0,STRESSED,41.96,100.00,OBSERVE
2026-05-25T22:53:17.361170,subj_0,STRESSED,41.95,100.00,OBSERVE
2026-05-25T22:53:17.363170,subj_1,STRESSED,30.07,100.00,OBSERVE
2026-05-25T22:53:17.421211,subj_0,CRITICAL_THREAT,78.86,100.00,INTERCEPT
2026-05-25T22:53:17.985355,subj_0,STRESSED,41.92,100.00,OBSERVE
2026-05-25T22:53:17.987396,subj_1,STRESSED,30.07,100.00,OBSERVE
2026-05-25T22:53:18.046157,subj_0,CRITICAL_THREAT,81.55,100.00,INTERCEPT
2026-05-25T22:53:18.608049,subj_0,STRESSED,41.89,100.00,OBSERVE
2026-05-25T22:53:18.610054,subj_1,STRESSED,30.07,100.00,OBSERVE
2026-05-25T22:53:18.665509,subj_0,ELEVATED,61.55,100.00,HEIGHTENED_AWARENESS
2026-05-25T22:53:18.725587,subj_0,ELEVATED,60.61,100.00,HEIGHTENED_AWARENESS
2026-05-25T22:53:18.727586,subj_1,STRESSED,35.75,100.00,OBSERVE
2026-05-25T22:53:18.779166,subj_0,CRITICAL_THREAT,81.92,100.00,INTERCEPT
2026-05-25T22:53:19.332111,subj_0,STRESSED,41.87,100.00,OBSERVE
2026-05-25T22:53:19.334112,subj_1,STRESSED,30.06,100.00,OBSERVE
2026-05-25T22:53:19.384326,subj_0,CRITICAL_THREAT,82.61,100.00,INTERCEPT
2026-05-25T22:53:19.943906,subj_0,CRITICAL_THREAT,81.93,100.00,INTERCEPT
2026-05-25T22:53:20.506928,subj_0,STRESSED,41.79,100.00,OBSERVE
2026-05-25T22:53:20.509436,subj_1,STRESSED,30.06,100.00,OBSERVE
2026-05-25T22:53:20.550230,subj_0,STRESSED,41.79,100.00,OBSERVE
2026-05-25T22:53:20.611600,subj_0,STRESSED,41.75,100.00,OBSERVE
2026-05-25T22:53:20.676953,subj_0,STRESSED,41.77,100.00,OBSERVE
2026-05-25T22:53:20.735038,subj_0,STRESSED,41.73,100.00,OBSERVE
2026-05-25T22:53:20.787358,subj_0,STRESSED,41.76,100.00,OBSERVE
2026-05-25T22:53:20.845148,subj_0,STRESSED,41.72,100.00,OBSERVE
2026-05-25T22:53:20.908186,subj_0,STRESSED,41.72,100.00,OBSERVE
2026-05-25T22:53:20.956288,subj_0,STRESSED,41.69,100.00,OBSERVE
2026-05-25T22:53:20.991769,subj_0,STRESSED,41.67,100.00,OBSERVE
2026-05-25T22:53:21.037110,subj_0,STRESSED,41.65,100.00,OBSERVE
2026-05-25T22:53:21.083325,subj_0,ELEVATED,72.21,100.00,HEIGHTENED_AWARENESS
2026-05-25T22:53:21.127561,subj_0,STRESSED,41.55,100.00,OBSERVE
2026-05-25T22:53:21.175980,subj_0,STRESSED,41.57,100.00,OBSERVE
2026-05-25T22:53:21.221384,subj_0,STRESSED,41.51,100.00,OBSERVE
2026-05-25T22:53:21.268912,subj_0,STRESSED,41.51,100.00,OBSERVE
2026-05-25T22:53:21.318136,subj_0,STRESSED,41.46,100.00,OBSERVE
2026-05-25T22:53:21.361161,subj_0,STRESSED,41.44,100.00,OBSERVE
2026-05-25T22:53:21.411789,subj_0,STRESSED,41.41,100.00,OBSERVE
2026-05-25T22:53:21.457424,subj_0,STRESSED,41.44,100.00,OBSERVE
2026-05-25T22:53:21.458968,subj_1,STRESSED,30.06,100.00,OBSERVE
2026-05-25T22:53:21.501959,subj_0,CRITICAL_THREAT,79.66,100.00,INTERCEPT
2026-05-25T22:53:22.065921,subj_0,CRITICAL_THREAT,81.16,100.00,INTERCEPT
2026-05-25T22:53:22.627995,subj_0,CRITICAL_THREAT,82.26,100.00,INTERCEPT
2026-05-25T22:53:23.210471,subj_0,CRITICAL_THREAT,81.11,100.00,INTERCEPT
2026-05-25T22:53:23.784330,subj_0,CRITICAL_THREAT,77.83,100.00,INTERCEPT
2026-05-25T22:53:24.370389,subj_0,CRITICAL_THREAT,80.39,100.00,INTERCEPT
2026-05-25T22:53:24.949489,subj_0,CRITICAL_THREAT,80.39,100.00,INTERCEPT
2026-05-25T22:53:25.536389,subj_0,STRESSED,40.99,100.00,OBSERVE
2026-05-25T22:53:25.608169,subj_0,STRESSED,40.92,100.00,OBSERVE
2026-05-25T22:53:25.666149,subj_0,SPOOF_DETECTED,40.86,100.00,VERIFY_LIVENESS
2026-05-25T22:53:26.733924,subj_0,SPOOF_DETECTED,40.77,100.00,VERIFY_LIVENESS
2026-05-25T22:53:27.804223,subj_0,STRESSED,40.68,100.00,OBSERVE
2026-05-25T22:53:27.864433,subj_0,STRESSED,40.53,100.00,OBSERVE
2026-05-25T22:53:27.914483,subj_0,STRESSED,40.36,100.00,OBSERVE
2026-05-25T22:53:27.984774,subj_0,STRESSED,40.22,100.00,OBSERVE
2026-05-25T22:53:28.040396,subj_0,STRESSED,40.09,100.00,OBSERVE
2026-05-25T22:53:28.106500,subj_0,STRESSED,39.99,100.00,OBSERVE
2026-05-25T22:53:28.164649,subj_0,STRESSED,39.91,100.00,OBSERVE
2026-05-25T22:53:28.210223,subj_0,STRESSED,39.84,100.00,OBSERVE
2026-05-25T22:53:28.258795,subj_0,STRESSED,39.78,100.00,OBSERVE
2026-05-25T22:53:28.305989,subj_0,STRESSED,39.72,100.00,OBSERVE
2026-05-25T22:53:28.351759,subj_0,STRESSED,39.65,100.00,OBSERVE
2026-05-25T22:53:28.400928,subj_0,STRESSED,39.58,100.00,OBSERVE
2026-05-25T22:53:28.451867,subj_0,STRESSED,39.48,100.00,OBSERVE
2026-05-25T22:53:28.492239,subj_0,SPOOF_DETECTED,39.37,100.00,VERIFY_LIVENESS
2026-05-25T22:53:29.530550,subj_0,STRESSED,39.26,100.00,OBSERVE
2026-05-25T22:53:29.573771,subj_0,STRESSED,39.13,100.00,OBSERVE
2026-05-25T22:53:29.621493,subj_0,STRESSED,39.02,91.22,OBSERVE
2026-05-25T22:53:29.668605,subj_0,STRESSED,38.91,81.08,OBSERVE
2026-05-25T22:53:29.715975,subj_0,STRESSED,38.75,70.89,OBSERVE
2026-05-25T22:53:29.761252,subj_0,STRESSED,38.66,60.78,OBSERVE
2026-05-25T22:53:31.830258,subj_0,STRESSED,38.48,69.20,OBSERVE
2026-05-25T22:53:31.881408,subj_0,STRESSED,38.45,79.18,OBSERVE
2026-05-25T22:53:31.925084,subj_0,STRESSED,38.48,89.16,OBSERVE
2026-05-25T22:53:31.971048,subj_0,STRESSED,38.59,99.15,OBSERVE
2026-05-25T22:53:32.020442,subj_0,STRESSED,38.77,100.00,OBSERVE
2026-05-25T22:53:32.066690,subj_0,STRESSED,38.85,100.00,OBSERVE
2026-05-25T22:53:32.109690,subj_0,STRESSED,38.89,100.00,OBSERVE
2026-05-25T22:53:32.142656,subj_0,STRESSED,38.88,100.00,OBSERVE
2026-05-25T22:53:32.191750,subj_0,STRESSED,38.86,100.00,OBSERVE
2026-05-25T22:53:32.235445,subj_0,STRESSED,38.81,100.00,OBSERVE
2026-05-25T22:53:32.281714,subj_0,STRESSED,38.82,100.00,OBSERVE
2026-05-25T22:53:32.330710,subj_0,STRESSED,38.83,100.00,OBSERVE
2026-05-25T22:53:32.376685,subj_0,STRESSED,38.77,100.00,OBSERVE
2026-05-25T22:53:32.428736,subj_0,STRESSED,38.69,100.00,OBSERVE
2026-05-25T22:53:32.466764,subj_0,STRESSED,38.58,100.00,OBSERVE
2026-05-25T22:53:32.501842,subj_0,STRESSED,38.48,100.00,OBSERVE
2026-05-25T22:53:32.549599,subj_0,STRESSED,38.37,100.00,OBSERVE
2026-05-25T22:53:32.599494,subj_0,STRESSED,38.25,100.00,OBSERVE
2026-05-25T22:53:32.643322,subj_0,STRESSED,38.10,100.00,OBSERVE
2026-05-25T22:53:32.693573,subj_0,STRESSED,37.97,100.00,OBSERVE
2026-05-25T22:53:32.738359,subj_0,STRESSED,37.84,100.00,OBSERVE
2026-05-25T22:53:32.787668,subj_0,STRESSED,37.76,100.00,OBSERVE
2026-05-25T22:53:32.831268,subj_0,STRESSED,37.72,100.00,OBSERVE
2026-05-25T22:53:32.881857,subj_0,STRESSED,37.68,100.00,OBSERVE
2026-05-25T22:53:32.925986,subj_0,STRESSED,37.64,100.00,OBSERVE
2026-05-25T22:53:32.972279,subj_0,STRESSED,37.60,100.00,OBSERVE
2026-05-25T22:53:33.020900,subj_0,STRESSED,37.60,100.00,OBSERVE
2026-05-25T22:53:33.068765,subj_0,STRESSED,37.57,100.00,OBSERVE
2026-05-25T22:53:33.113741,subj_0,STRESSED,37.57,100.00,OBSERVE
2026-05-25T22:53:33.161334,subj_0,STRESSED,37.57,100.00,OBSERVE
2026-05-25T22:53:33.208383,subj_0,STRESSED,37.55,100.00,OBSERVE
2026-05-25T22:53:33.254893,subj_0,STRESSED,37.46,100.00,OBSERVE
2026-05-25T22:53:33.306595,subj_0,STRESSED,37.44,100.00,OBSERVE
2026-05-25T22:53:33.349924,subj_0,STRESSED,37.42,100.00,OBSERVE
2026-05-25T22:53:33.401561,subj_0,STRESSED,37.41,100.00,OBSERVE
2026-05-25T22:53:33.448083,subj_0,STRESSED,37.47,100.00,OBSERVE
2026-05-25T22:53:33.498004,subj_0,STRESSED,37.54,100.00,OBSERVE
2026-05-25T22:53:33.541202,subj_0,STRESSED,37.62,100.00,OBSERVE
2026-05-25T22:53:33.586747,subj_0,STRESSED,37.69,100.00,OBSERVE
2026-05-25T22:53:33.634199,subj_0,STRESSED,37.76,100.00,OBSERVE
2026-05-25T22:53:33.688870,subj_0,STRESSED,37.79,100.00,OBSERVE
2026-05-25T22:53:33.737320,subj_0,STRESSED,37.79,100.00,OBSERVE
2026-05-25T22:53:33.772643,subj_0,STRESSED,37.84,100.00,OBSERVE
2026-05-25T22:53:33.825743,subj_0,STRESSED,37.89,100.00,OBSERVE
2026-05-25T22:53:33.867249,subj_0,STRESSED,37.94,100.00,OBSERVE
2026-05-25T22:53:33.916896,subj_0,STRESSED,37.98,100.00,OBSERVE
2026-05-25T22:53:33.959603,subj_0,STRESSED,38.02,100.00,OBSERVE
2026-05-25T22:53:33.996579,subj_0,STRESSED,38.04,100.00,OBSERVE
2026-05-25T22:53:34.043119,subj_0,STRESSED,38.03,100.00,OBSERVE
2026-05-25T22:53:34.089398,subj_0,STRESSED,37.99,100.00,OBSERVE
2026-05-25T22:53:34.133670,subj_0,STRESSED,37.97,100.00,OBSERVE
2026-05-25T22:53:34.181583,subj_0,STRESSED,37.97,100.00,OBSERVE
2026-05-25T22:53:34.225546,subj_0,STRESSED,37.98,100.00,OBSERVE
2026-05-25T22:53:34.270081,subj_0,STRESSED,37.99,100.00,OBSERVE
2026-05-25T22:53:34.305756,subj_0,STRESSED,38.01,100.00,OBSERVE
2026-05-25T22:53:34.354225,subj_0,STRESSED,38.01,100.00,OBSERVE
2026-05-25T22:53:34.400802,subj_0,STRESSED,37.98,100.00,OBSERVE
2026-05-25T22:53:34.446450,subj_0,STRESSED,37.94,100.00,OBSERVE
2026-05-25T22:53:34.494373,subj_0,STRESSED,37.91,100.00,OBSERVE
2026-05-25T22:53:34.540558,subj_0,STRESSED,37.89,100.00,OBSERVE
2026-05-25T22:53:34.587986,subj_0,STRESSED,37.87,100.00,OBSERVE
2026-05-25T22:53:34.634834,subj_0,STRESSED,37.85,100.00,OBSERVE
2026-05-25T22:53:34.679687,subj_0,STRESSED,37.83,100.00,OBSERVE
2026-05-25T22:53:34.729297,subj_0,STRESSED,37.78,100.00,OBSERVE
2026-05-25T22:53:34.770736,subj_0,STRESSED,37.80,100.00,OBSERVE
2026-05-25T22:53:34.805319,subj_0,STRESSED,37.84,99.18,OBSERVE
2026-05-25T22:53:34.852547,subj_0,STRESSED,37.88,89.23,OBSERVE
2026-05-25T22:53:34.900790,subj_0,STRESSED,37.92,79.28,OBSERVE
2026-05-25T22:53:34.944341,subj_0,STRESSED,37.96,69.33,OBSERVE
2026-05-25T22:53:58.752054,subj_0,SPOOF_DETECTED,41.84,48.78,VERIFY_LIVENESS
2026-05-25T22:53:59.797395,subj_0,SPOOF_DETECTED,41.23,48.65,VERIFY_LIVENESS
2026-05-25T22:54:00.863459,subj_0,SPOOF_DETECTED,40.69,48.58,VERIFY_LIVENESS
2026-05-25T22:54:01.943517,subj_0,SPOOF_DETECTED,39.91,38.36,VERIFY_LIVENESS
2026-05-25T22:54:03.019498,subj_0,SPOOF_DETECTED,39.43,38.44,VERIFY_LIVENESS
2026-05-25T22:54:04.096387,subj_0,SPOOF_DETECTED,38.83,28.39,VERIFY_LIVENESS
2026-05-25T22:54:05.180518,subj_0,SPOOF_DETECTED,38.21,18.25,VERIFY_LIVENESS
2026-05-25T22:54:06.261364,subj_0,SPOOF_DETECTED,37.45,17.97,VERIFY_LIVENESS
2026-05-25T22:54:07.333721,subj_0,SPOOF_DETECTED,36.95,17.84,VERIFY_LIVENESS
2026-05-25T22:54:08.425753,subj_0,SPOOF_DETECTED,36.40,17.61,VERIFY_LIVENESS
